id,brand,title,description,link,image_link,price,gtin,google_product_category,condition,availability
10-SHROOMS-1,Oweli,Oweli 10 Shrooms,"Oweli 10 Shrooms is a premium mushroom complex designed to support **immune function, cognitive health, energy levels, and overall vitality**. Formulated with a carefully selected blend of **ten powerful medicinal mushrooms**, this advanced formula provides a concentrated source of adaptogens, antioxidants, and essential nutrients that help the body maintain balance and resilience. Whether you are looking to enhance mental clarity, support immune defense, or promote sustained energy, Oweli 10 Shrooms is an easy and effective addition to your daily routine.  

This potent formula features **reishi, lion’s mane, chaga, cordyceps, turkey tail, maitake, shiitake, agaricus blazei, white button, and black fungus mushrooms**. Each of these mushrooms has been traditionally used to support different aspects of health, from immune function and cognitive performance to energy and stress adaptation. By incorporating this unique blend into your wellness regimen, you can experience the full spectrum of benefits that functional mushrooms have to offer.  

Designed for individuals seeking a **natural way to boost immunity, enhance focus, and promote overall well-being**, Oweli 10 Shrooms delivers a **clean, high-quality formula** free from unnecessary fillers, artificial additives, and common allergens. The carefully crafted blend ensures optimal potency and bioavailability for maximum effectiveness.  

Like all Oweli products, 10 Shrooms is manufactured in an **FDA-registered, GMP-compliant** facility to ensure purity, potency, and safety. Each batch undergoes rigorous third-party testing to meet the highest quality standards. Plus, Oweli backs every purchase with a **100-day satisfaction guarantee**, allowing you to try it risk-free.  

Oweli 10 Shrooms is the perfect choice for those looking for a **science-backed, adaptogenic mushroom supplement** to support **immune health, brain function, and natural energy**. Whether taken daily for long-term wellness or as part of a proactive approach to vitality, this thoughtfully formulated blend helps keep you feeling your best every day.",https://www.oweli.com/products/10-shrooms/,https://www.oweli.com/data-feed/10-shrooms.jpg,49.99,850039708084,Health & Beauty > Health Care > First Aid > Hot & Cold Therapies > Heat Rubs,New,In Stock
ACV-1,Oweli,Oweli ACV,"Oweli Apple Cider Vinegar is a premium wellness supplement designed to seamlessly integrate into your daily routine. Formulated with high-quality apple cider vinegar powder, this supplement provides a convenient way to enjoy the benefits of traditional apple cider vinegar without the harsh taste. Each serving delivers a concentrated dose of acetic acid, the key active component of apple cider vinegar, along with essential nutrients that support overall well-being. 

Apple cider vinegar has been used for centuries as a part of a balanced lifestyle. Oweli Apple Cider Vinegar is crafted to complement modern health goals, making it an easy addition to a daily wellness regimen. Unlike liquid apple cider vinegar, which can be harsh on tooth enamel and the digestive system, this supplement comes in easy-to-swallow capsules that provide the same benefits in a gentler form. 

This formula is designed to support various aspects of well-being. It is commonly used as part of a balanced approach to maintaining vitality and energy levels. The carefully sourced ingredients in Oweli Apple Cider Vinegar ensure high purity and potency, giving you a premium product that fits into an active lifestyle. 

Oweli is committed to delivering supplements made in FDA-registered, GMP-compliant facilities to ensure safety and quality. Each batch undergoes rigorous testing to ensure it meets the highest standards. With no artificial additives, Oweli Apple Cider Vinegar is a clean and effective choice for those looking to integrate traditional wellness practices into their daily routine. 

Oweli also backs all its supplements with a 100-day satisfaction guarantee, allowing you to try the product risk-free. Whether you are looking for a convenient way to enjoy the benefits of apple cider vinegar or seeking a high-quality supplement to support your health goals, Oweli Apple Cider Vinegar is a smart and effective choice.",https://www.oweli.com/products/apple-cider-vinegar/,https://www.oweli.com/data-feed/acv.png,29.99,850039708091,Health & Beauty > Health Care > First Aid > Hot & Cold Therapies > Heat Rubs,New,In Stock
ADULT-DAILY-1,Oweli,Oweli Adult Daily,"Oweli Adult Daily is a comprehensive multivitamin designed to support overall wellness and fill potential nutrient gaps in a modern diet. Formulated with a balanced blend of essential vitamins, minerals, and antioxidants, this daily supplement helps complement a healthy lifestyle and provides foundational support for key bodily functions. Whether you lead a busy lifestyle, follow a restricted diet, or simply want to maintain optimal well-being, Oweli Adult Daily makes it easy to stay on track with your nutrition.  

Each serving delivers a carefully selected range of vitamins and minerals, including Vitamin A, C, D, E, and B-complex, along with essential minerals like zinc, magnesium, and selenium. These nutrients play a role in supporting immune function, energy levels, cognitive health, and overall vitality. The formula is designed to work synergistically with your body, making it a convenient choice for daily wellness.  

Oweli Adult Daily is crafted for individuals who want to maintain balanced nutrition without the hassle of multiple supplements. It is particularly beneficial for those with demanding schedules, dietary restrictions, or nutritional gaps due to modern food choices. The high-quality ingredients ensure maximum purity and potency, making it an excellent addition to your daily regimen.  

Like all Oweli products, Adult Daily is manufactured in an FDA-registered, GMP-compliant facility and undergoes strict quality testing to ensure safety and effectiveness. It is free from artificial additives, unnecessary fillers, and common allergens, making it a clean and reliable choice. Oweli also offers a 100-day satisfaction guarantee, allowing you to try the product with confidence.  

With Oweli Adult Daily, maintaining balanced nutrition has never been easier. Whether you’re looking to support energy levels, immune function, or overall wellness, this complete multivitamin is a smart and convenient choice for daily health support.",https://www.oweli.com/products/adult-daily/,https://www.oweli.com/data-feed/adult-daily.png,39.99,850039708107,Health & Beauty > Health Care > First Aid > Hot & Cold Therapies > Heat Rubs,New,In Stock
ASHWAGANDHA-1,Oweli,Oweli Ashwagandha,"Oweli Ashwagandha is a premium adaptogenic supplement designed to support balance and well-being in the face of everyday stressors. Rooted in the ancient traditions of Ayurveda, ashwagandha has been used for centuries to promote resilience, vitality, and overall wellness. This carefully formulated supplement delivers a potent dose of organic ashwagandha extract, complemented by black pepper for enhanced absorption, making it a powerful addition to a balanced lifestyle.  

Ashwagandha is widely recognized for its ability to support the body's natural response to occasional stress, helping to promote a sense of calm and relaxation. It is also commonly used to support energy levels, cognitive function, and overall vitality. By complementing the body’s natural processes, Oweli Ashwagandha helps you stay balanced and focused throughout the day.  

This supplement is ideal for those looking to support their well-being in a natural way. Whether you have a demanding schedule, an active lifestyle, or simply want to maintain a sense of balance, Oweli Ashwagandha is an excellent choice. Each serving provides a high-potency extract to ensure maximum effectiveness, helping you feel your best every day.  

Manufactured in an FDA-registered, GMP-compliant facility, Oweli Ashwagandha undergoes rigorous testing for purity and quality. It is free from artificial additives and unnecessary fillers, ensuring a clean and reliable formula. Backed by Oweli’s 100-day satisfaction guarantee, this supplement allows you to experience its benefits with confidence.  

Oweli Ashwagandha is a simple yet powerful way to support your body’s natural ability to adapt to life’s challenges. Whether you’re looking for relaxation, focus, or overall well-being, this ancient herb is a trusted companion for modern lifestyles.",https://www.oweli.com/products/ashwagandha/,https://www.oweli.com/data-feed/ashwagandha.png,29.99,850039708008,Health & Beauty > Health Care > First Aid > Hot & Cold Therapies > Heat Rubs,New,In Stock
CALM-1,Oweli,Oweli Calm,"Oweli Calm is a premium blend of adaptogenic herbs and botanicals designed to support relaxation and balance in everyday life. Formulated with carefully selected ingredients known for their calming properties, this supplement helps you maintain a sense of tranquility while navigating daily stressors. Whether you’re looking to unwind after a long day or simply maintain a balanced state of mind, Oweli Calm is a convenient and natural addition to your wellness routine.  

This formula features a synergistic combination of adaptogens, amino acids, and herbal extracts traditionally used to promote relaxation. Key ingredients such as ashwagandha, L-theanine, and lemon balm work together to support a sense of calm while helping you stay focused and composed. Unlike harsh alternatives, Oweli Calm is designed to complement your body’s natural rhythms, allowing you to relax without feeling drowsy.  

Ideal for individuals with busy schedules, demanding responsibilities, or those simply looking to support emotional well-being, Oweli Calm provides a gentle yet effective approach to relaxation. It’s crafted to be a daily wellness tool, helping you manage occasional stress and maintain mental clarity in a natural way.  

Like all Oweli products, Calm is manufactured in an FDA-registered, GMP-compliant facility and undergoes rigorous testing for purity and quality. Free from artificial additives and unnecessary fillers, this supplement is made with clean, high-quality ingredients you can trust. Plus, it’s backed by Oweli’s 100-day satisfaction guarantee, giving you the confidence to try it risk-free.  

Oweli Calm is the perfect companion for those looking to maintain a relaxed and balanced state of mind. Whether you need to unwind in the evening or stay centered during the day, this thoughtfully crafted blend helps you embrace a calmer, more composed lifestyle.",https://www.oweli.com/products/calm/,https://www.oweli.com/data-feed/calm.png,54.99,850039708114,Health & Beauty > Health Care > First Aid > Hot & Cold Therapies > Heat Rubs,New,In Stock
CLGN-UNFLV-1,Oweli,Oweli Collagen Peptides - Unflavored,"Oweli Collagen Unflavored is a premium hydrolyzed collagen peptide protein supplement designed to support overall wellness from the inside out. Made with chicken bone broth and hydrolyzed chicken collagen, this formula provides essential amino acids that help nourish and maintain the body’s structural integrity. Whether you’re looking to support skin hydration, hair strength, nail resilience, or overall vitality, Oweli Collagen Unflavored delivers high-quality collagen peptides in their most bioavailable form.

Collagen is the most abundant protein in the body, but natural production declines with age. Supplementing with hydrolyzed collagen peptides helps provide the necessary building blocks to maintain strong, healthy tissues. The hydrolyzation process breaks down collagen into smaller peptides, allowing for optimal absorption and easy digestion.

This neutral-tasting formula is highly soluble and blends seamlessly into coffee, smoothies, soups, and other beverages without altering flavor or texture. With no added sugars, artificial flavors, or unnecessary fillers, Oweli Collagen Unflavored is a clean, versatile way to incorporate collagen into your daily routine.

Like all Oweli products, this collagen supplement is manufactured in an FDA-registered, GMP-compliant facility to ensure purity, potency, and safety. Each batch undergoes rigorous testing to meet the highest quality standards. Plus, Oweli backs every purchase with a 100-day satisfaction guarantee, allowing you to try it with confidence.

Oweli Collagen Unflavored is the perfect choice for those looking for a high-quality, hydrolyzed collagen protein that supports beauty and wellness naturally. Whether you mix it into your favorite drink or use it in a recipe, this easy-to-use formula makes it effortless to nourish your body every day.

",https://www.oweli.com/products/collagen/,https://www.oweli.com/data-feed/collagen-unflavored.png,54.99,850039708121,Health & Beauty > Health Care > First Aid > Hot & Cold Therapies > Heat Rubs,New,In Stock
CLGN-VNLA-1,Oweli,Oweli Collagen Peptides - Vanilla,"Oweli Collagen Vanilla is a hydrolyzed collagen peptide protein supplement that combines high-quality collagen peptides with a smooth, naturally flavored vanilla taste. Made with hydrolyzed bovine collagen, bovine bone broth, natural flavors, and gum arabic, this formula provides a delicious and effective way to support skin hydration, hair strength, nail resilience, and overall vitality.

Collagen is a vital structural protein in the body, but natural production decreases with age. Hydrolyzed collagen peptides are broken down into smaller amino acids, allowing for better absorption and easier digestion. The inclusion of bovine bone broth enhances the formula with naturally occurring nutrients, while gum arabic helps maintain a smooth, mixable texture.

This naturally flavored vanilla collagen powder blends effortlessly into coffee, smoothies, protein shakes, or even baked goods, giving you a convenient and delicious way to incorporate collagen into your daily routine. Unlike many flavored collagen products, Oweli Collagen Vanilla is free from artificial sweeteners and unnecessary fillers, ensuring a clean and enjoyable experience.

Like all Oweli products, this collagen supplement is manufactured in an FDA-registered, GMP-compliant facility to ensure purity, potency, and safety. Each batch undergoes rigorous testing to meet the highest quality standards. Plus, Oweli backs every purchase with a 100-day satisfaction guarantee, allowing you to try it with confidence.

Oweli Collagen Vanilla is the perfect choice for those looking for a high-quality, hydrolyzed collagen protein that supports beauty and wellness naturally. Whether stirred into your morning coffee or blended into your favorite smoothie, this delicious and convenient formula makes it easy to nourish your body every day.",https://www.oweli.com/products/collagen/,https://www.oweli.com/data-feed/collagen-vanilla.png,59.99,850039708145,Health & Beauty > Health Care > First Aid > Hot & Cold Therapies > Heat Rubs,New,In Stock
CLGN-CHOC-1,Oweli,Oweli Collagen Peptides - Chocolate,"Oweli Collagen Chocolate is a hydrolyzed collagen peptide protein supplement that blends high-quality collagen peptides with a rich, indulgent chocolate flavor. Made with hydrolyzed bovine collagen, bovine bone broth, chicken bone broth, MCT powder, sea salt, and natural flavors, this formula provides a delicious and effective way to support skin hydration, hair strength, nail resilience, and overall vitality.

Collagen is an essential protein that naturally declines with age. Hydrolyzed collagen peptides are broken down into smaller amino acids for better absorption, making them easier for the body to utilize. The addition of MCT powder provides a clean source of energy, while sea salt and natural cocoa flavors create a smooth and satisfying taste.

This creamy, chocolate-flavored collagen powder dissolves effortlessly into coffee, protein shakes, smoothies, or even baked goods, making it an enjoyable way to incorporate collagen into your daily wellness routine. Unlike many flavored collagen products, Oweli Collagen Chocolate is naturally sweetened with stevia extract, avoiding artificial sweeteners and unnecessary fillers.

Like all Oweli products, this collagen supplement is manufactured in an FDA-registered, GMP-compliant facility to ensure purity, potency, and safety. Each batch undergoes rigorous testing to meet the highest quality standards. Plus, Oweli backs every purchase with a 100-day satisfaction guarantee, allowing you to try it with confidence.

Oweli Collagen Chocolate is the perfect choice for those looking for a high-quality, hydrolyzed collagen protein that supports beauty and wellness naturally. Whether mixed into your favorite morning drink or blended into a post-workout smoothie, this indulgent and convenient formula makes it easy to nourish your body every day.",https://www.oweli.com/products/collagen/,https://www.oweli.com/data-feed/collagen-chocolate.png,59.99,850039708138,Health & Beauty > Health Care > First Aid > Hot & Cold Therapies > Heat Rubs,New,In Stock
COLON-CL-1,Oweli,Oweli Colon-CL,"Oweli Colon-CL is a premium colon support formula designed to complement a healthy digestive system and promote overall well-being. Made with a blend of carefully selected natural ingredients, this gentle yet effective formula helps support regularity and digestive balance as part of a wellness-focused lifestyle. Whether you’re looking to maintain digestive comfort or support your body's natural detox process, Oweli Colon-CL is an easy addition to your routine.  

The formula features a combination of **fiber, herbs, and natural extracts** traditionally used to promote colon health. These ingredients work synergistically to support the body’s natural processes while complementing a balanced diet and active lifestyle. By incorporating Colon-CL into your regimen, you can help keep your digestive system running smoothly.  

Designed for convenience, Oweli Colon-CL provides a gentle, non-habit-forming approach to colon support. It’s ideal for individuals looking to maintain regularity, digestive balance, and overall gut wellness without harsh stimulants.  

Like all Oweli products, Colon-CL is manufactured in an FDA-registered, GMP-compliant facility to ensure purity, potency, and safety. It is free from unnecessary fillers, artificial additives, and common allergens. Each batch undergoes rigorous testing to meet the highest quality standards. Plus, Oweli backs every purchase with a 100-day satisfaction guarantee, allowing you to try it risk-free.  

Oweli Colon-CL is the perfect choice for those seeking a gentle, natural approach to digestive wellness. Whether used occasionally or as part of a long-term gut health routine, this thoughtfully crafted formula makes it easy to support colon health and overall vitality.",https://www.oweli.com/products/colon-cl/,https://www.oweli.com/data-feed/colon-cl.png,44.99,850039708152,Health & Beauty > Health Care > First Aid > Hot & Cold Therapies > Heat Rubs,New,In Stock
FEMALE-LIBIDO-1,Oweli,Oweli Female Libido Enhancer,"Oweli Female Libido is a premium wellness supplement designed to support vitality and balance for women. Formulated with a blend of carefully selected herbs, adaptogens, and natural extracts, this formula is designed to complement a woman’s active lifestyle and overall well-being. Whether you're looking to support energy levels, enhance intimacy, or maintain a sense of balance, Oweli Female Libido is an easy and natural addition to your daily routine.  

This thoughtfully crafted formula includes **botanical extracts traditionally used to support female vitality**, helping to complement the body's natural rhythms. Adaptogens and essential nutrients work synergistically to promote balance, while supporting overall mood and energy levels. By incorporating this supplement into your wellness routine, you can support your body's natural processes in a way that feels effortless and effective.  

Designed for modern women, Oweli Female Libido is a gentle yet effective formula that can be used as part of a holistic approach to well-being. Free from unnecessary fillers and artificial additives, it provides a clean and reliable way to support vitality and balance naturally.  

Like all Oweli products, Female Libido is manufactured in an FDA-registered, GMP-compliant facility to ensure purity, potency, and safety. Each batch undergoes rigorous testing to meet the highest quality standards. Plus, Oweli backs every purchase with a 100-day satisfaction guarantee, allowing you to try it with confidence.  

Oweli Female Libido is the perfect choice for women looking for a natural way to support vitality, energy, and balance. Whether incorporated into a daily routine or used as part of a holistic wellness approach, this thoughtfully formulated supplement makes it easy to feel your best every day.",https://www.oweli.com/products/female-libido-enhancer/,https://www.oweli.com/data-feed/female-libido.png,59.99,850039708169,Health & Beauty > Health Care > First Aid > Hot & Cold Therapies > Heat Rubs,New,In Stock
GLUCOSE-CR-1,Oweli,Oweli Glucose-R,"Oweli Glucose-R is a premium wellness supplement designed to support balanced glucose levels and overall metabolic health. Formulated with a blend of carefully selected herbs, minerals, and natural extracts, this advanced formula complements a healthy lifestyle by supporting the body’s natural ability to maintain glucose balance. Whether you’re looking to promote sustained energy, support metabolic function, or complement a balanced diet, Oweli Glucose-R is a convenient addition to your daily routine.  

This formula features **botanical extracts and essential nutrients traditionally used to support glucose metabolism and insulin sensitivity**. The carefully chosen ingredients work synergistically to help maintain balance while promoting overall vitality. By incorporating Glucose-R into your wellness routine, you can support your body's natural processes in a way that aligns with a health-conscious lifestyle.  

Designed for individuals seeking a proactive approach to metabolic wellness, Oweli Glucose-R provides a gentle yet effective way to complement dietary choices and an active lifestyle. It is free from unnecessary fillers and artificial additives, ensuring a clean and high-quality formula.  

Like all Oweli products, Glucose-R is manufactured in an FDA-registered, GMP-compliant facility to ensure purity, potency, and safety. Each batch undergoes rigorous testing to meet the highest quality standards. Plus, Oweli backs every purchase with a 100-day satisfaction guarantee, allowing you to try it with confidence.  

Oweli Glucose-R is the perfect choice for those looking to support balanced glucose levels and overall metabolic well-being. Whether used as part of a daily health regimen or a proactive approach to long-term wellness, this thoughtfully crafted formula makes it easy to maintain balance and vitality every day.",https://www.oweli.com/products/glucose-cr/,https://www.oweli.com/data-feed/glucose-cr.png,47.99,850039708176,Health & Beauty > Health Care > First Aid > Hot & Cold Therapies > Heat Rubs,New,In Stock
K2D3-1,Oweli,Oweli K2+D3,"Oweli K2+D3 is a premium wellness supplement designed to support bone health, immune function, and overall vitality. This carefully formulated blend combines **vitamin D3 and vitamin K2**, two essential nutrients that work synergistically to promote calcium absorption and proper distribution throughout the body. Whether you're looking to support strong bones, cardiovascular health, or a robust immune system, Oweli K2+D3 is an easy addition to your daily routine.  

Vitamin D3 plays a key role in supporting calcium absorption, while vitamin K2 helps direct calcium to the bones and teeth, ensuring it doesn’t accumulate in the arteries or soft tissues. This dynamic combination helps maintain **bone strength, heart health, and immune function**, making it an essential supplement for those looking to optimize their overall well-being.  

Designed for individuals who may have limited sun exposure, those following a wellness-focused lifestyle, or anyone looking to support long-term bone and immune health, Oweli K2+D3 provides a highly bioavailable and effective way to meet daily nutrient needs.  

Like all Oweli products, K2+D3 is manufactured in an FDA-registered, GMP-compliant facility to ensure purity, potency, and safety. It is free from unnecessary fillers, artificial additives, and common allergens. Each batch undergoes rigorous testing to meet the highest quality standards. Plus, Oweli backs every purchase with a 100-day satisfaction guarantee, allowing you to try it risk-free.  

Oweli K2+D3 is the perfect choice for those looking for a high-quality, science-backed supplement to support **bone strength, immune resilience, and cardiovascular health**. Whether taken daily for long-term wellness or as part of a balanced lifestyle, this thoughtfully crafted formula helps keep you feeling strong and vibrant every day.",https://www.oweli.com/products/k2d3/,https://www.oweli.com/data-feed/k2d3.jpg,39.99,850039708015,Health & Beauty > Health Care > First Aid > Hot & Cold Therapies > Heat Rubs,New,In Stock
LIVER-DETOX-1,Oweli,Oweli Liver Detox,"Oweli Liver Detox is a premium herbal supplement designed to support **liver health, natural detoxification, and overall vitality**. Formulated with a potent blend of **botanical extracts, antioxidants, and essential nutrients**, this advanced formula helps complement the liver’s natural ability to filter toxins and maintain metabolic balance. Whether you're looking to support long-term liver function, promote internal cleansing, or complement a wellness-focused lifestyle, Oweli Liver Detox is a simple and effective addition to your daily routine.  

The formula features a synergistic blend of **milk thistle, dandelion root, artichoke extract, and other time-tested herbs** traditionally used to support liver health. These powerful ingredients work together to promote the liver’s natural detoxification processes while helping protect against oxidative stress. By incorporating Liver Detox into your regimen, you can help your body maintain optimal wellness.  

Designed for those who want to support their liver in the face of modern lifestyle factors such as diet, environmental toxins, or occasional indulgence, Oweli Liver Detox provides a **gentle yet effective** approach to internal cleansing. It is crafted with clean, high-quality ingredients, free from unnecessary fillers or artificial additives.  

Like all Oweli products, Liver Detox is manufactured in an **FDA-registered, GMP-compliant** facility to ensure purity, potency, and safety. Each batch undergoes rigorous testing to meet the highest quality standards. Plus, Oweli backs every purchase with a **100-day satisfaction guarantee**, allowing you to try it with confidence.  

Oweli Liver Detox is the perfect choice for those looking for a **natural, science-backed way to support liver health, detoxification, and overall well-being**. Whether used as part of a proactive wellness routine or a targeted liver-support strategy, this thoughtfully formulated supplement helps keep you feeling your best every day.",https://www.oweli.com/products/liver-detox/,https://www.oweli.com/data-feed/liver-detox.png,49.99,850039708077,Health & Beauty > Health Care > First Aid > Hot & Cold Therapies > Heat Rubs,New,In Stock
MOVE-1,Oweli,Oweli Move,"Oweli Move is a premium joint support supplement designed to help maintain **mobility, flexibility, and overall joint comfort**. Formulated with a carefully selected blend of **botanical extracts, essential nutrients, and scientifically backed compounds**, this advanced formula complements an active lifestyle by promoting joint resilience and long-term musculoskeletal health. Whether you're looking to support daily movement, maintain flexibility, or complement an active routine, Oweli Move is a smart and effective addition to your wellness regimen.  

This comprehensive formula features **glucosamine, chondroitin, MSM, turmeric, and other natural ingredients** traditionally used to support joint health. These key ingredients work together to **promote cartilage integrity, support natural inflammatory responses, and help cushion joints** for comfortable movement. By incorporating Oweli Move into your daily routine, you can help your body maintain long-term joint health and mobility.  

Designed for individuals with active lifestyles, those experiencing occasional joint discomfort, or anyone looking to support their musculoskeletal system, Oweli Move provides a **gentle yet effective** approach to joint care. It is free from unnecessary fillers, artificial additives, and common allergens, ensuring a clean and high-quality formula.  

Like all Oweli products, Move is manufactured in an **FDA-registered, GMP-compliant** facility to ensure purity, potency, and safety. Each batch undergoes rigorous testing to meet the highest quality standards. Plus, Oweli backs every purchase with a **100-day satisfaction guarantee**, allowing you to try it risk-free.  

Oweli Move is the perfect choice for those seeking a **natural, science-backed way to support joint mobility, flexibility, and overall comfort**. Whether used daily for proactive joint care or as part of an active lifestyle, this thoughtfully formulated supplement helps keep you moving with ease every day.",https://www.oweli.com/products/move/,https://www.oweli.com/data-feed/move.png,53.99,850039708183,Health & Beauty > Health Care > First Aid > Hot & Cold Therapies > Heat Rubs,New,In Stock
NEURO-1,Oweli,Oweli Neuro,"Oweli Neuro is a premium nootropic supplement designed to support **cognitive function, mental clarity, and overall brain health**. Formulated with a carefully selected blend of **botanical extracts, adaptogens, and essential nutrients**, this advanced formula helps promote focus, memory, and long-term cognitive resilience. Whether you're looking to stay sharp, enhance productivity, or maintain mental agility, Oweli Neuro is a smart and effective addition to your daily wellness routine.  

This formula features **Bacopa Monnieri, Ginkgo Biloba, Lion’s Mane, and other brain-supporting compounds** traditionally used to promote cognitive performance. These key ingredients work together to **support neurotransmitter function, optimize circulation to the brain, and help combat oxidative stress** that can impact mental performance over time. By incorporating Oweli Neuro into your daily routine, you can help support long-term brain health while staying focused and alert throughout the day.  

Designed for individuals with demanding schedules, students, professionals, or anyone looking to support cognitive function, Oweli Neuro provides a **gentle yet effective** approach to brain health. It is free from unnecessary fillers, artificial additives, and common allergens, ensuring a clean and high-quality formula.  

Like all Oweli products, Neuro is manufactured in an **FDA-registered, GMP-compliant** facility to ensure purity, potency, and safety. Each batch undergoes rigorous testing to meet the highest quality standards. Plus, Oweli backs every purchase with a **100-day satisfaction guarantee**, allowing you to try it risk-free.  

Oweli Neuro is the perfect choice for those seeking a **natural, science-backed way to support memory, focus, and mental clarity**. Whether used daily to stay sharp or as part of a proactive brain health strategy, this thoughtfully formulated supplement helps you perform at your best every day.",https://www.oweli.com/products/neuro/,https://www.oweli.com/data-feed/neuro.png,59.99,850039708053,Health & Beauty > Health Care > First Aid > Hot & Cold Therapies > Heat Rubs,New,In Stock
OMEGA3-1,Oweli,Oweli Omega-3 Fish Oil,"Oweli Omega-3 Fish Oil is a premium supplement designed to support **heart health, brain function, joint mobility, and overall wellness**. Sourced from high-quality, wild-caught fish, this advanced formula delivers a potent dose of **essential fatty acids (EPA and DHA)** to help complement a balanced diet and active lifestyle. Whether you’re looking to support cardiovascular function, cognitive health, or overall vitality, Oweli Omega-3 is an easy and effective addition to your daily routine.  

Omega-3 fatty acids are essential nutrients that the body cannot produce on its own. The **EPA (Eicosapentaenoic Acid) and DHA (Docosahexaenoic Acid)** in Oweli Omega-3 play a key role in maintaining **healthy circulation, cognitive function, and joint flexibility** while also supporting the body’s natural inflammatory response. This carefully formulated supplement provides a high concentration of these beneficial fats in an easily absorbable form to ensure optimal effectiveness.  

Designed for individuals who want to **support heart and brain health, promote joint comfort, and maintain overall well-being**, Oweli Omega-3 offers a **purified and sustainably sourced** solution. Each batch is molecularly distilled to remove heavy metals, toxins, and contaminants, ensuring a clean and high-quality product.  

Like all Oweli products, Omega-3 Fish Oil is manufactured in an **FDA-registered, GMP-compliant** facility to ensure purity, potency, and safety. Each batch undergoes rigorous third-party testing to meet the highest quality standards. Plus, Oweli backs every purchase with a **100-day satisfaction guarantee**, allowing you to try it risk-free.  

Oweli Omega-3 Fish Oil is the perfect choice for those seeking a **science-backed, high-potency source of essential fatty acids**. Whether used daily for heart and brain support or as part of a long-term wellness strategy, this thoughtfully formulated supplement helps you feel your best every day.",https://www.oweli.com/products/omega-3/,https://www.oweli.com/data-feed/omega-3.png,38.99,850039708039,Health & Beauty > Health Care > First Aid > Hot & Cold Therapies > Heat Rubs,New,In Stock
PROBIOTIC-1,Oweli,Oweli Probiotic,"Oweli Probiotic is a premium gut health supplement featuring 40 billion CFU of clinically studied probiotic strains designed to support digestive balance, immune function, and overall well-being. Using MAKtrek Bi-Pass Technology, this advanced formula ensures better absorption and bioavailability, delivering live cultures deep into the digestive system for maximum effectiveness. Whether you are looking to maintain regularity, enhance nutrient absorption, or promote immune resilience, Oweli Probiotic is an easy and effective addition to your daily wellness routine.  

A healthy gut microbiome is essential for digestion, metabolism, and immune defense. Oweli Probiotic delivers a potent dose of four scientifically backed probiotic strains that work synergistically to help balance gut flora, support digestive comfort, and promote overall gut health. Lactobacillus acidophilus supports gut balance, helps with digestive regularity, and may promote a strong gut lining. Lactobacillus plantarum is a powerful antioxidant strain that helps maintain intestinal permeability and supports a balanced gut environment. Lactobacillus paracasei is commonly found in fermented foods and helps maintain skin health while promoting gut comfort. Bifidobacterium lactis supports digestion, aids in nutrient absorption, and promotes a strong immune response.  

Designed for individuals looking to support gut health, digestive balance, and immune resilience, Oweli Probiotic offers a high-potency formula free from unnecessary fillers, artificial additives, and common allergens. The inclusion of MAKtrek Bi-Pass Technology ensures that probiotics survive stomach acid, delivering maximum benefits where they are needed most.  

Like all Oweli products, Probiotic is manufactured in an FDA-registered, GMP-compliant facility to ensure purity, potency, and safety. Each batch undergoes rigorous third-party testing to meet the highest quality standards. Plus, Oweli backs every purchase with a 100-day satisfaction guarantee, allowing you to try it risk-free.  

Oweli Probiotic is the perfect choice for those seeking a science-backed, high-CFU probiotic supplement to support digestive comfort, gut microbiome balance, and immune health. Whether taken daily for long-term wellness or as part of a proactive gut health strategy, this thoughtfully crafted formula helps keep your microbiome thriving every day.",https://www.oweli.com/products/probiotic/,https://www.oweli.com/data-feed/probiotic.png,44.99,850039708022,Health & Beauty > Health Care > First Aid > Hot & Cold Therapies > Heat Rubs,New,In Stock
PROSTATE-1,Oweli,Oweli Prostate,"Oweli Prostate is a premium wellness supplement designed to support prostate health, urinary function, and overall well-being. Formulated with a blend of carefully selected botanical extracts, essential nutrients, and scientifically backed compounds, this advanced formula helps promote optimal prostate function as part of a balanced lifestyle. Whether you are looking to maintain comfort, support urinary flow, or promote long-term prostate wellness, Oweli Prostate is an easy and effective addition to your daily routine.  

This formula features a combination of plant-based ingredients traditionally used to support prostate health and urinary comfort. Key ingredients work synergistically to help maintain a healthy prostate size, support normal urinary patterns, and promote overall vitality. By incorporating Oweli Prostate into your wellness regimen, you can take a proactive approach to long-term prostate health.  

Designed for individuals looking to support their prostate and urinary function naturally, Oweli Prostate provides a clean, high-quality formula that is free from unnecessary fillers, artificial additives, and common allergens. It is carefully crafted to complement a healthy diet and active lifestyle, offering a gentle yet effective way to promote overall well-being.  

Like all Oweli products, Prostate is manufactured in an FDA-registered, GMP-compliant facility to ensure purity, potency, and safety. Each batch undergoes rigorous third-party testing to meet the highest quality standards. Plus, Oweli backs every purchase with a 100-day satisfaction guarantee, allowing you to try it risk-free.  

Oweli Prostate is the perfect choice for those seeking a natural, science-backed way to support prostate health, urinary function, and overall wellness. Whether used as part of a daily routine or a long-term health strategy, this thoughtfully formulated supplement helps you stay comfortable and maintain a balanced lifestyle every day.",https://www.oweli.com/products/prostate/,https://www.oweli.com/data-feed/prostate.png,46.99,850039708190,Health & Beauty > Health Care > First Aid > Hot & Cold Therapies > Heat Rubs,New,In Stock
SEAMOSS-1,Oweli,Oweli Sea Moss,"Oweli Sea Moss is a premium superfood supplement designed to support overall wellness by providing a rich source of essential minerals, antioxidants, and natural nutrients. Formulated with a powerful blend of organic Irish sea moss, bladderwrack, and burdock root, this advanced formula helps nourish the body from the inside out. Whether you are looking to support immune function, promote healthy digestion, or maintain optimal skin and thyroid health, Oweli Sea Moss is an easy and effective addition to your daily routine.  

Sea moss is naturally packed with over 90 essential minerals, including iodine, zinc, magnesium, and iron, which are vital for overall vitality. This carefully crafted formula combines Irish sea moss with bladderwrack and burdock root to create a nutrient-dense supplement that supports balanced energy levels, gut health, and skin hydration. By incorporating Oweli Sea Moss into your wellness regimen, you can help your body maintain a strong foundation for long-term health.  

Designed for individuals seeking a natural way to nourish their body, Oweli Sea Moss provides a clean, high-quality formula that is free from unnecessary fillers, artificial additives, and common allergens. It is carefully sourced and processed to retain its full nutritional profile while complementing a healthy diet and lifestyle.  

Like all Oweli products, Sea Moss is manufactured in an FDA-registered, GMP-compliant facility to ensure purity, potency, and safety. Each batch undergoes rigorous third-party testing to meet the highest quality standards. Plus, Oweli backs every purchase with a 100-day satisfaction guarantee, allowing you to try it risk-free.  

Oweli Sea Moss is the perfect choice for those looking for a natural, science-backed way to support immune health, digestion, skin vitality, and thyroid function. Whether used as part of a daily routine or a long-term wellness strategy, this thoughtfully formulated supplement helps keep you feeling your best every day.",https://www.oweli.com/products/sea-moss/,https://www.oweli.com/data-feed/seamoss.jpg,44.99,850039708060,Health & Beauty > Health Care > First Aid > Hot & Cold Therapies > Heat Rubs,New,In Stock
SLEEP-1,Oweli,Oweli Sleep,"Oweli Sleep is a premium nighttime wellness supplement designed to support relaxation and promote restful sleep. Formulated with a carefully selected blend of natural botanicals, amino acids, and essential nutrients, this advanced formula helps prepare the body and mind for deep, restorative rest. Whether you are looking to unwind after a long day, support a healthy sleep cycle, or wake up feeling refreshed, Oweli Sleep is an easy and effective addition to your nightly routine.  

This formula features a combination of sleep-supporting ingredients traditionally used to promote relaxation and help maintain a balanced sleep-wake cycle. Key ingredients work synergistically to help the body transition into rest mode while supporting a sense of calm and relaxation. By incorporating Oweli Sleep into your bedtime regimen, you can promote a more restorative and rejuvenating sleep experience.  

Designed for individuals who struggle with occasional restlessness, difficulty falling asleep, or disrupted sleep patterns, Oweli Sleep provides a gentle yet effective approach to nighttime wellness. It is free from unnecessary fillers, artificial additives, and common allergens, ensuring a clean and high-quality formula that fits seamlessly into a balanced lifestyle.  

Like all Oweli products, Sleep is manufactured in an FDA-registered, GMP-compliant facility to ensure purity, potency, and safety. Each batch undergoes rigorous third-party testing to meet the highest quality standards. Plus, Oweli backs every purchase with a 100-day satisfaction guarantee, allowing you to try it risk-free.  

Oweli Sleep is the perfect choice for those looking for a natural, science-backed way to support deep and restful sleep. Whether used occasionally or as part of a long-term sleep wellness strategy, this thoughtfully formulated supplement helps you wake up feeling refreshed, recharged, and ready for the day ahead.",https://www.oweli.com/products/sleep-support/,https://www.oweli.com/data-feed/sleep.png,49.99,850039708206,Health & Beauty > Health Care > First Aid > Hot & Cold Therapies > Heat Rubs,New,In Stock
SUPER-GREENS-1,Oweli,Oweli Super Greens,"Oweli Super Greens is a premium daily greens supplement designed to provide a concentrated source of essential nutrients, antioxidants, and plant-based superfoods. Formulated with a carefully selected blend of organic greens, fruits, and digestive enzymes, this advanced formula helps support overall wellness, energy levels, and digestive balance. Whether you are looking to bridge nutritional gaps, promote immune health, or maintain vitality, Oweli Super Greens is an easy and effective addition to your daily routine.  

This nutrient-dense formula features a blend of organic greens, including spirulina, wheatgrass, and chlorella, along with antioxidant-rich fruits and vegetables. These ingredients work together to provide a natural source of vitamins, minerals, and phytonutrients that help fuel the body and promote optimal well-being. Digestive enzymes and probiotics are included to support gut health and enhance nutrient absorption, making Oweli Super Greens a complete wellness solution.  

Designed for individuals looking to maintain balanced nutrition and support overall health, Oweli Super Greens offers a convenient way to incorporate nutrient-rich superfoods into a busy lifestyle. It is free from artificial additives, unnecessary fillers, and common allergens, ensuring a clean and high-quality formula that fits seamlessly into a balanced diet.  

Like all Oweli products, Super Greens is manufactured in an FDA-registered, GMP-compliant facility to ensure purity, potency, and safety. Each batch undergoes rigorous third-party testing to meet the highest quality standards. Plus, Oweli backs every purchase with a 100-day satisfaction guarantee, allowing you to try it risk-free.  

Oweli Super Greens is the perfect choice for those looking for a natural, science-backed way to support energy, immune function, and digestive health. Whether mixed into water, smoothies, or your favorite beverage, this nutrient-rich formula makes it easy to nourish your body and stay energized every day.",https://www.oweli.com/products/super-greens/,https://www.oweli.com/data-feed/super-greens.jpg,49.99,850039708213,Health & Beauty > Health Care > First Aid > Hot & Cold Therapies > Heat Rubs,New,In Stock
TURMERIC-1,Oweli,Oweli Turmeric,"Oweli Turmeric is a premium wellness supplement designed to support overall vitality with a potent blend of **turmeric extract, curcuminoids, and BioPerine® for enhanced absorption**. Turmeric has been traditionally used for centuries due to its powerful antioxidant properties and its ability to support the body’s natural inflammatory response. Whether you are looking to promote joint health, support immune function, or maintain long-term wellness, Oweli Turmeric is an easy and effective addition to your daily routine.  

This advanced formula features **a high-potency turmeric extract standardized to 95 percent curcuminoids**, delivering the most active compounds in their most bioavailable form. To further optimize absorption and effectiveness, the formula includes **BioPerine®, a black pepper extract that enhances curcumin uptake**. These ingredients work synergistically to help the body maintain balance while supporting long-term health and vitality.  

Designed for individuals seeking a **natural approach to joint comfort, immune resilience, and overall well-being**, Oweli Turmeric provides a **clean, high-quality formula** that is free from unnecessary fillers, artificial additives, and common allergens. Its carefully crafted blend ensures optimal potency and bioavailability, allowing for maximum effectiveness.  

Like all Oweli products, Turmeric is manufactured in an **FDA-registered, GMP-compliant** facility to ensure purity, potency, and safety. Each batch undergoes rigorous third-party testing to meet the highest quality standards. Plus, Oweli backs every purchase with a **100-day satisfaction guarantee**, allowing you to try it risk-free.  

Oweli Turmeric is the perfect choice for those looking for a **science-backed, high-potency turmeric supplement** to support **joint health, immune function, and overall wellness**. Whether taken daily for proactive health maintenance or as part of a targeted wellness strategy, this thoughtfully formulated supplement helps keep you feeling your best every day.",https://www.oweli.com/products/turmeric-curcumin/,https://www.oweli.com/data-feed/turmeric.jpg,46.99,850039708046,Health & Beauty > Health Care > First Aid > Hot & Cold Therapies > Heat Rubs,New,In Stock
UT-D-1,Oweli,Oweli UT-D,"Oweli UT-D is a premium urinary tract support supplement designed to promote **urinary health, bladder function, and overall well-being**. Formulated with a carefully selected blend of **botanical extracts, antioxidants, and essential nutrients**, this advanced formula helps maintain a balanced urinary system while supporting the body's natural defense mechanisms. Whether you are looking to promote urinary comfort, maintain bladder wellness, or support long-term urinary tract health, Oweli UT-D is an easy and effective addition to your daily routine.  

This formula features a combination of **D-mannose, cranberry extract, and other scientifically backed ingredients** traditionally used to support urinary health. These key compounds work synergistically to help maintain a clean urinary tract, support bladder function, and promote overall wellness. By incorporating Oweli UT-D into your daily regimen, you can take a proactive approach to urinary tract support.  

Designed for individuals looking to maintain urinary balance and promote overall well-being, Oweli UT-D provides a **gentle yet effective** approach to bladder health. It is free from unnecessary fillers, artificial additives, and common allergens, ensuring a clean and high-quality formula that fits seamlessly into a balanced lifestyle.  

Like all Oweli products, UT-D is manufactured in an **FDA-registered, GMP-compliant** facility to ensure purity, potency, and safety. Each batch undergoes rigorous third-party testing to meet the highest quality standards. Plus, Oweli backs every purchase with a **100-day satisfaction guarantee**, allowing you to try it risk-free.  

Oweli UT-D is the perfect choice for those looking for a **natural, science-backed way to support urinary tract health, bladder function, and overall wellness**. Whether used as part of a proactive approach or a long-term wellness strategy, this thoughtfully formulated supplement helps keep your urinary system balanced every day.",https://www.oweli.com/products/ut-d/,https://www.oweli.com/data-feed/ut-d.png,34.99,850039708220,Health & Beauty > Health Care > First Aid > Hot & Cold Therapies > Heat Rubs,New,In Stock
VISION-1,Oweli,Oweli Vision,"Oweli Vision is a premium eye health supplement designed to support **visual clarity, retinal function, and overall eye wellness**. Formulated with a carefully selected blend of **antioxidants, carotenoids, and essential nutrients**, this advanced formula helps protect against oxidative stress while promoting long-term visual health. Whether you are looking to support night vision, maintain eye hydration, or protect against digital screen strain, Oweli Vision is an easy and effective addition to your daily routine.  

This formula features **lutein, zeaxanthin, bilberry extract, and other vision-supporting nutrients** that work together to help maintain macular health and visual acuity. These key compounds help filter blue light, support contrast sensitivity, and promote overall eye resilience. By incorporating Oweli Vision into your wellness regimen, you can take a proactive approach to long-term eye health.  

Designed for individuals looking to **support eye function, reduce eye strain, and maintain clear vision**, Oweli Vision provides a **gentle yet effective** approach to ocular wellness. It is free from unnecessary fillers, artificial additives, and common allergens, ensuring a clean and high-quality formula that fits seamlessly into a balanced lifestyle.  

Like all Oweli products, Vision is manufactured in an **FDA-registered, GMP-compliant** facility to ensure purity, potency, and safety. Each batch undergoes rigorous third-party testing to meet the highest quality standards. Plus, Oweli backs every purchase with a **100-day satisfaction guarantee**, allowing you to try it risk-free.  

Oweli Vision is the perfect choice for those looking for a **natural, science-backed way to support eye health, visual clarity, and long-term wellness**. Whether used to combat digital eye strain or as part of a proactive vision care routine, this thoughtfully formulated supplement helps keep your eyesight sharp every day.",https://www.oweli.com/products/vision/,https://www.oweli.com/data-feed/vision.png,49.99,850039708237,Health & Beauty > Health Care > First Aid > Hot & Cold Therapies > Heat Rubs,New,In Stock
